{
  "input_columns": [
    "sq_mt_built",
    "n_rooms",
    "n_bathrooms",
    "neighborhood",
    "has_lift",
    "has_parking",
    "has_pool",
    "has_garden",
    "has_storage_room",
    "is_floor_under"
  ],
  "numeric_features": [
    "sq_mt_built",
    "n_rooms",
    "n_bathrooms"
  ],
  "categorical_features": [
    "neighborhood"
  ],
  "binary_features": [
    "has_lift",
    "has_parking",
    "has_pool",
    "has_garden",
    "has_storage_room",
    "is_floor_under"
  ],
  "ranges": {
    "sq_mt_built": {
      "min": 13.0,
      "max": 750.0,
      "mean": 106.787754823754
    },
    "n_rooms": {
      "min": 0.0,
      "max": 15.0,
      "mean": 2.6788709347514827
    },
    "n_bathrooms": {
      "min": 1.0,
      "max": 13.0,
      "mean": 1.6856889616145088
    }
  },
  "categorical_values": {
    "neighborhood": [
      "36",
      "124",
      "35",
      "22",
      "13",
      "131",
      "33",
      "21",
      "69",
      "12",
      "29",
      "132",
      "77",
      "30",
      "128",
      "23",
      "116",
      "115",
      "25",
      "86",
      "43",
      "39",
      "42",
      "113",
      "31",
      "5",
      "67",
      "99",
      "72",
      "4",
      "73",
      "118",
      "32",
      "93",
      "63",
      "53",
      "102",
      "111",
      "129",
      "66",
      "24",
      "20",
      "3",
      "61",
      "38",
      "126",
      "90",
      "89",
      "70",
      "125",
      "133",
      "34",
      "74",
      "41",
      "119",
      "26",
      "28",
      "15",
      "62",
      "37",
      "14",
      "17",
      "2",
      "18",
      "27",
      "46",
      "87",
      "56",
      "117",
      "6",
      "58",
      "44",
      "97",
      "19",
      "60",
      "101",
      "122",
      "81",
      "112",
      "95",
      "123",
      "51",
      "78",
      "57",
      "50",
      "92",
      "80",
      "135",
      "40",
      "134",
      "114",
      "16",
      "1",
      "54",
      "91",
      "130",
      "100",
      "82",
      "88",
      "59",
      "64",
      "55",
      "121",
      "79",
      "52",
      "98",
      "75",
      "45",
      "96",
      "48",
      "85",
      "83",
      "68",
      "71",
      "76",
      "47",
      "127",
      "120",
      "49",
      "84",
      "10",
      "94",
      "8",
      "9",
      "11",
      "65"
    ]
  }
}